name,p_nom_max,weight,p_nom,capital_cost,efficiency,p_nom_min,marginal_cost,p_max_pu,carrier,p_nom_extendable,bus,control,p_nom_opt,build_year,min_up_time,min_down_time,up_time_before,down_time_before
AT1 0 CCGT,inf,0.0,3070.9,8410.574268733495,0.5820000000000001,3070.9,38.73769725306839,1.0,CCGT,False,AT1 0,Slack,,0,0,0,1,0
AT1 0 coal,inf,0.0,378.4,29724.036061713898,0.33,378.4,28.196969696969695,1.0,coal,False,AT1 0,,,0,0,0,1,0
AT1 0 onwind,132319.75980855036,7436.308531391856,3055.063285838374,8160.719256490287,1.0,3055.063285838374,0.015000000000000001,1.0,onwind,True,AT1 0,,,0,0,0,1,0
AT1 0 ror,inf,4527.5,4527.5,25406.430062482515,0.8999999999999997,0.0,0.0,1.0,ror,False,AT1 0,,,0,0,0,1,0
AT1 0 solar,55306.020005485705,6626.747915380572,2098.336104242109,3023.737557692981,1.0,2098.336104242109,0.010000000000000002,1.0,solar,True,AT1 0,,,0,0,0,1,0
BE1 0 CCGT,inf,0.0,4027.3,8410.574268733495,0.5654727668845315,4027.3,41.53642055329897,1.0,CCGT,False,BE1 0,,,0,0,0,1,0
BE1 0 OCGT,inf,0.0,308.0,3830.0237999145133,0.41,308.0,53.524390243902445,1.0,OCGT,True,BE1 0,,,0,0,0,1,0
BE1 0 biomass,inf,0.0,363.0,23618.013769965433,0.47,363.0,14.893617021276597,1.0,biomass,False,BE1 0,,,0,0,0,1,0
BE1 0 coal,inf,0.0,512.596947849125,29724.036061713898,0.33,512.596947849125,28.196969696969695,1.0,coal,False,BE1 0,,,0,0,0,1,0
BE1 0 nuclear,inf,0.0,5919.0,60027.26334202117,0.33,5919.0,11.378787878787879,0.65,nuclear,False,BE1 0,,,0,0,0,1,0
BE1 0 offwind-ac,1347.4013461694685,427.28600218066026,936.6411490816909,15701.197549195756,1.0,936.6411490816909,0.015,1.0,offwind-ac,True,BE1 0,,,0,0,0,1,0
BE1 0 offwind-dc,2303.262670994973,838.7335910981543,1381.016990137138,17111.08866169522,1.0,1381.016990137138,0.015,1.0,offwind-dc,True,BE1 0,,,0,0,0,1,0
BE1 0 oil,inf,0.0,163.6,3216.424738650239,0.35,163.6,148.85714285714286,1.0,oil,False,BE1 0,,,0,0,0,1,0
BE1 0 onwind,15472.263930182582,4428.473133110278,2437.7219254647503,8160.719256490287,1.0,2437.7219254647503,0.015,1.0,onwind,True,BE1 0,,,0,0,0,1,0
BE1 0 ror,inf,79.87619657813644,79.87619657813644,25406.430062482512,0.9,0.0,0.0,1.0,ror,False,BE1 0,,,0,0,0,1,0
BE1 0 solar,35312.020475020465,3888.273285388319,5646.4000000000015,3023.737557692981,1.0,5646.4000000000015,0.01,1.0,solar,True,BE1 0,,,0,0,0,1,0
CH1 0 biomass,inf,0.0,85.9662,23618.013769965437,0.4699999999999998,85.9662,14.893617021276594,1.0,biomass,False,CH1 0,,,0,0,0,1,0
CH1 0 nuclear,inf,0.0,3348.0,60027.263342021164,0.33,3348.0,11.37878787878788,0.86,nuclear,False,CH1 0,,,0,0,0,1,0
CH1 0 onwind,77632.65505210545,1301.8270356693215,129.39139561886645,8160.719256490288,1.0,129.39139561886645,0.014999999999999998,1.0,onwind,True,CH1 0,,,0,0,0,1,0
CH1 0 ror,inf,4437.17,4437.17,25406.430062482512,0.9000000000000001,0.0,0.0,1.0,ror,False,CH1 0,,,0,0,0,1,0
CH1 0 solar,41667.817223725455,5093.378603772149,2961.673295466601,3023.737557692981,1.0,2961.673295466601,0.01,1.0,solar,True,CH1 0,,,0,0,0,1,0
CZ1 0 CCGT,inf,0.0,845.0,8410.574268733495,0.58,845.0,38.85517241379311,1.0,CCGT,False,CZ1 0,,,0,0,0,1,0
CZ1 0 biomass,inf,0.0,1481.5930000000003,23618.013769965426,0.47000000000000003,1481.5930000000003,14.8936170212766,1.0,biomass,False,CZ1 0,,,0,0,0,1,0
CZ1 0 coal,inf,0.0,603.8687065488792,29724.036061713898,0.33,603.8687065488792,28.196969696969695,1.0,coal,False,CZ1 0,,,0,0,0,1,0
CZ1 0 lignite,inf,0.0,5159.372610382669,29724.0360617139,0.33,5159.372610382669,12.287878787878787,1.0,lignite,False,CZ1 0,,,0,0,0,1,0
CZ1 0 nuclear,inf,0.0,4290.0,60027.26334202117,0.33,4290.0,11.378787878787879,0.82,nuclear,False,CZ1 0,,,0,0,0,1,0
CZ1 0 onwind,104063.63234456215,17128.415258964214,339.11449210978657,8160.719256490287,1.0,339.11449210978657,0.015000000000000003,1.0,onwind,True,CZ1 0,,,0,0,0,1,0
CZ1 0 ror,inf,40.226382271496,40.226382271496,25406.430062482512,0.9,0.0,0.0,1.0,ror,False,CZ1 0,,,0,0,0,1,0
CZ1 0 solar,69802.55840820087,7685.014140233856,2073.42,3023.737557692981,1.0,2073.42,0.010000000000000002,1.0,solar,True,CZ1 0,,,0,0,0,1,0
DE1 0 CCGT,inf,0.0,2157.56,8410.574268733495,0.5439929771286353,2157.56,41.66459632520422,1.0,CCGT,False,DE1 0,,,0,0,0,1,0
DE1 0 OCGT,inf,0.0,629.525,3830.023799914513,0.38793128415300543,629.525,56.36604041000657,1.0,OCGT,True,DE1 0,,,0,0,0,1,0
DE1 0 biomass,inf,0.0,657.1624400000001,23618.01376996543,0.4699999999999999,657.1624400000001,14.893617021276597,1.0,biomass,False,DE1 0,,,0,0,0,1,0
DE1 0 coal,inf,0.0,1953.5844109573663,29724.036061713898,0.3375,1953.5844109573663,27.681567102954823,1.0,coal,False,DE1 0,,,0,0,0,1,0
DE1 0 lignite,inf,0.0,35.04131531627193,29724.036061713898,0.3736,35.04131531627193,11.262312633832977,1.0,lignite,False,DE1 0,,,0,0,0,1,0
DE1 0 nuclear,inf,0.0,2722.0,60027.26334202117,0.33,2722.0,11.378787878787879,0.88,nuclear,False,DE1 0,,,0,0,0,1,0
DE1 0 oil,inf,0.0,25.3,3216.424738650239,0.3861,25.3,135.60532777593565,1.0,oil,False,DE1 0,,,0,0,0,1,0
DE1 0 onwind,51728.421160402664,8862.08405760529,5449.352944138005,8160.71925649029,1.0,5449.352944138005,0.015,1.0,onwind,True,DE1 0,,,0,0,0,1,0
DE1 0 ror,inf,80.576,80.576,25406.43006248252,0.8999999999999999,0.0,0.0,1.0,ror,False,DE1 0,,,0,0,0,1,0
DE1 0 solar,37796.08976733705,4129.215011865708,6135.872492960694,3023.7375576929808,1.0,6135.872492960694,0.01,1.0,solar,True,DE1 0,,,0,0,0,1,0
DE1 1 CCGT,inf,0.0,1312.51,8410.574268733495,0.5424751494551172,1312.51,41.60285562432637,1.0,CCGT,False,DE1 1,,,0,0,0,1,0
DE1 1 OCGT,inf,0.0,439.4,3830.0237999145133,0.38428703703703704,439.4,56.84557451402929,1.0,OCGT,True,DE1 1,,,0,0,0,1,0
DE1 1 biomass,inf,0.0,769.26626,23618.013769965433,0.47,769.26626,14.893617021276597,1.0,biomass,False,DE1 1,,,0,0,0,1,0
DE1 1 lignite,inf,0.0,2902.9709038226824,29724.0360617139,0.39063056910569105,2902.9709038226824,10.952980486244117,1.0,lignite,False,DE1 1,,,0,0,0,1,0
DE1 1 oil,inf,0.0,229.5,3216.424738650239,0.37585,229.5,139.0738534508501,1.0,oil,False,DE1 1,,,0,0,0,1,0
DE1 1 onwind,65172.03569129042,12153.424161114006,6827.140701624619,8160.71925649029,1.0,6827.140701624619,0.015000000000000003,1.0,onwind,True,DE1 1,,,0,0,0,1,0
DE1 1 ror,inf,89.69262,89.69262,25406.430062482505,0.9000000000000001,0.0,0.0,1.0,ror,False,DE1 1,,,0,0,0,1,0
DE1 1 solar,51036.23525284887,5385.656882950164,6830.5522287699005,3023.7375576929808,1.0,6830.5522287699005,0.010000000000000002,1.0,solar,True,DE1 1,,,0,0,0,1,0
DE1 2 CCGT,inf,0.0,8901.159,8410.574268733495,0.5367710972014662,8901.159,42.10704373344833,1.0,CCGT,False,DE1 2,,,0,0,0,1,0
DE1 2 OCGT,inf,0.0,875.0790000000001,3830.023799914513,0.38448204633204636,875.0790000000001,56.83416715827436,1.0,OCGT,True,DE1 2,,,0,0,0,1,0
DE1 2 biomass,inf,0.0,1008.7958910000002,23618.01376996543,0.4699999999999998,1008.7958910000002,14.893617021276595,1.0,biomass,False,DE1 2,,,0,0,0,1,0
DE1 2 coal,inf,0.0,4580.55413059638,29724.036061713898,0.33,4580.55413059638,28.196969696969695,1.0,coal,False,DE1 2,,,0,0,0,1,0
DE1 2 lignite,inf,0.0,11500.13275511438,29724.0360617139,0.36405987298312525,11500.13275511438,11.746738576590824,1.0,lignite,False,DE1 2,,,0,0,0,1,0
DE1 2 nuclear,inf,0.0,1336.0,60027.26334202117,0.33,1336.0,11.378787878787879,0.88,nuclear,False,DE1 2,,,0,0,0,1,0
DE1 2 offwind-ac,730.7817281304362,208.77890971184556,417.24771993800385,17848.96899313045,1.0,417.24771993800385,0.015,1.0,offwind-ac,True,DE1 2,,,0,0,0,1,0
DE1 2 offwind-dc,19429.434788193255,9675.261059618151,5238.300753596261,19945.8567210559,1.0,5238.300753596261,0.015,1.0,offwind-dc,True,DE1 2,,,0,0,0,1,0
DE1 2 oil,inf,0.0,161.89999999999998,3216.4247386502384,0.3805666666666667,161.89999999999998,137.38360703960583,1.0,oil,False,DE1 2,,,0,0,0,1,0
DE1 2 onwind,56425.71962751397,13491.261041864693,8702.479613086089,8160.719256490287,1.0,8702.479613086089,0.014999999999999998,1.0,onwind,True,DE1 2,,,0,0,0,1,0
DE1 2 ror,inf,265.944,265.944,25406.43006248251,0.8999999999999997,0.0,0.0,1.0,ror,False,DE1 2,,,0,0,0,1,0
DE1 2 solar,49649.03367828404,5244.1113644529705,7135.017548803851,3023.7375576929808,1.0,7135.017548803851,0.01,1.0,solar,True,DE1 2,,,0,0,0,1,0
DE1 3 CCGT,inf,0.0,2894.9,8410.574268733495,0.5582304546886239,2894.9,40.29824051734472,1.0,CCGT,False,DE1 3,,,0,0,0,1,0
DE1 3 OCGT,inf,0.0,425.86,3830.023799914514,0.39279085152214616,425.86,55.78728681933319,1.0,OCGT,True,DE1 3,,,0,0,0,1,0
DE1 3 biomass,inf,0.0,1621.89793,23618.013769965433,0.47000000000000003,1621.89793,14.893617021276604,1.0,biomass,False,DE1 3,,,0,0,0,1,0
DE1 3 coal,inf,0.0,773.5051065565033,29724.036061713898,0.33,773.5051065565033,28.196969696969695,1.0,coal,False,DE1 3,,,0,0,0,1,0
DE1 3 nuclear,inf,0.0,1410.0,60027.26334202117,0.33,1410.0,11.378787878787879,0.88,nuclear,False,DE1 3,,,0,0,0,1,0
DE1 3 oil,inf,0.0,129.0,3216.424738650239,0.34675,129.0,150.48739389602292,1.0,oil,False,DE1 3,,,0,0,0,1,0
DE1 3 onwind,100099.82188901823,11413.593820866641,3573.584100443833,8160.719256490287,1.0,3573.584100443833,0.015000000000000001,1.0,onwind,True,DE1 3,,,0,0,0,1,0
DE1 3 ror,inf,1590.0369999999998,1590.0369999999998,25406.43006248252,0.8999999999999998,0.0,0.0,1.0,ror,False,DE1 3,,,0,0,0,1,0
DE1 3 solar,58136.74663885445,6516.837019763039,12600.191937413243,3023.737557692981,1.0,12600.191937413243,0.010000000000000002,1.0,solar,True,DE1 3,,,0,0,0,1,0
DE1 4 CCGT,inf,0.0,516.6,8410.574268733495,0.5415000000000001,516.6,41.346516007532955,1.0,CCGT,False,DE1 4,,,0,0,0,1,0
DE1 4 OCGT,inf,0.0,604.6385,3830.023799914514,0.3923150374703557,604.6385,56.0462669825835,1.0,OCGT,True,DE1 4,,,0,0,0,1,0
DE1 4 biomass,inf,0.0,615.7982499999999,23618.013769965422,0.4700000000000001,615.7982499999999,14.8936170212766,1.0,biomass,False,DE1 4,,,0,0,0,1,0
DE1 4 coal,inf,0.0,4206.7983327977645,29724.03606171389,0.33612857142857144,4206.7983327977645,27.791077653909507,1.0,coal,False,DE1 4,,,0,0,0,1,0
DE1 4 oil,inf,0.0,70.0,3216.424738650239,0.3795,70.0,137.75230566534916,1.0,oil,False,DE1 4,,,0,0,0,1,0
DE1 4 onwind,35804.406363869246,4357.369509304646,2093.0285850678433,8160.719256490288,1.0,2093.0285850678433,0.015000000000000003,1.0,onwind,True,DE1 4,,,0,0,0,1,0
DE1 4 ror,inf,680.3423300000001,680.3423300000001,25406.430062482515,0.8999999999999999,0.0,0.0,1.0,ror,False,DE1 4,,,0,0,0,1,0
DE1 4 solar,26302.750783542215,2999.9524480749665,5441.059324649623,3023.7375576929803,1.0,5441.059324649623,0.010000000000000002,1.0,solar,True,DE1 4,,,0,0,0,1,0
DE1 5 CCGT,inf,0.0,1604.3,8410.574268733495,0.5596375,1604.3,40.77885911172064,1.0,CCGT,False,DE1 5,,,0,0,0,1,0
DE1 5 OCGT,inf,0.0,460.40999999999997,3830.0237999145133,0.39088452448693145,460.40999999999997,55.97505463627696,1.0,OCGT,True,DE1 5,,,0,0,0,1,0
DE1 5 biomass,inf,0.0,2209.8374049999998,23618.01376996543,0.4699999999999998,2209.8374049999998,14.893617021276595,1.0,biomass,False,DE1 5,,,0,0,0,1,0
DE1 5 coal,inf,0.0,2160.0982892275174,29724.036061713898,0.33348872549019615,2160.0982892275174,27.973650441128637,1.0,coal,False,DE1 5,,,0,0,0,1,0
DE1 5 offwind-ac,1760.9182314970774,566.4597346831413,548.0289525244411,16022.495743959083,1.0,548.0289525244411,0.015000000000000003,1.0,offwind-ac,True,DE1 5,,,0,0,0,1,0
DE1 5 offwind-dc,1449.2082461670043,700.8583676290439,504.9825155169573,18782.241469683257,1.0,504.9825155169573,0.015,1.0,offwind-dc,True,DE1 5,,,0,0,0,1,0
DE1 5 onwind,101606.61078557686,27208.315748911657,17066.029999670638,8160.71925649029,1.0,17066.029999670638,0.015000000000000001,1.0,onwind,True,DE1 5,,,0,0,0,1,0
DE1 5 ror,inf,55.9734,55.9734,25406.430062482512,0.9,0.0,0.0,1.0,ror,False,DE1 5,,,0,0,0,1,0
DE1 5 solar,82176.97649201327,8647.648181438377,7569.254113452757,3023.7375576929803,1.0,7569.254113452757,0.010000000000000002,1.0,solar,True,DE1 5,,,0,0,0,1,0
DE1 6 CCGT,inf,0.0,1081.0,8410.574268733495,0.4910125,1081.0,45.62140125047955,1.0,CCGT,False,DE1 6,,,0,0,0,1,0
DE1 6 OCGT,inf,0.0,560.8199999999999,3830.023799914513,0.3756256195666277,560.8199999999999,58.141875856884255,1.0,OCGT,True,DE1 6,,,0,0,0,1,0
DE1 6 biomass,inf,0.0,1121.8896499999998,23618.013769965433,0.46999999999999986,1121.8896499999998,14.893617021276597,1.0,biomass,False,DE1 6,,,0,0,0,1,0
DE1 6 coal,inf,0.0,1155.1870065736575,29724.036061713898,0.33,1155.1870065736575,28.1969696969697,1.0,coal,False,DE1 6,,,0,0,0,1,0
DE1 6 lignite,inf,0.0,6937.2582927450985,29724.036061713898,0.3791042027194067,6937.2582927450985,11.198005277503997,1.0,lignite,False,DE1 6,,,0,0,0,1,0
DE1 6 offwind-ac,2113.401569546439,736.2412686488641,974.3121869275853,15964.191541194617,1.0,974.3121869275853,0.015,1.0,offwind-ac,True,DE1 6,,,0,0,0,1,0
DE1 6 offwind-dc,257.1286096086445,117.18926316088988,64.12787149675137,17186.21194690265,1.0,64.12787149675137,0.015,1.0,offwind-dc,True,DE1 6,,,0,0,0,1,0
DE1 6 oil,inf,0.0,359.0,3216.424738650239,0.3824734632683658,359.0,136.7280237764288,1.0,oil,False,DE1 6,,,0,0,0,1,0
DE1 6 onwind,78388.55962589568,18490.153184900315,10671.494001069696,8160.719256490289,1.0,10671.494001069696,0.015,1.0,onwind,True,DE1 6,,,0,0,0,1,0
DE1 6 ror,inf,39.983000000000004,39.983000000000004,25406.43006248251,0.8999999999999999,0.0,0.0,1.0,ror,False,DE1 6,,,0,0,0,1,0
DE1 6 solar,54613.443182451665,5836.231513962148,8012.070527216654,3023.7375576929808,1.0,8012.070527216654,0.01,1.0,solar,True,DE1 6,,,0,0,0,1,0
DK1 0 CCGT,inf,0.0,392.0,8410.574268733495,0.49,392.0,45.22040816326531,1.0,CCGT,False,DK1 0,,,0,0,0,1,0
DK1 0 biomass,inf,0.0,124.0,23618.013769965433,0.47,124.0,14.893617021276597,1.0,biomass,False,DK1 0,,,0,0,0,1,0
DK1 0 coal,inf,0.0,1865.8263304858306,29724.036061713898,0.33,1865.8263304858306,28.196969696969695,1.0,coal,False,DK1 0,,,0,0,0,1,0
DK1 0 offwind-ac,13247.620404223959,5513.680749837148,652.0,16023.358617290367,1.0,652.0,0.015000000000000003,1.0,offwind-ac,True,DK1 0,,,0,0,0,1,0
DK1 0 offwind-dc,24164.603377483443,12330.61805425436,616.4000000000001,18796.669181435384,1.0,616.4000000000001,0.015,1.0,offwind-dc,True,DK1 0,,,0,0,0,1,0
DK1 0 onwind,61813.04799285511,24494.751842309644,3829.074085660399,8160.719256490287,1.0,3829.074085660399,0.015000000000000005,1.0,onwind,True,DK1 0,,,0,0,0,1,0
DK1 0 solar,38374.424973583344,4199.458573769437,977.7027718982304,3023.73755769298,1.0,977.7027718982304,0.009999999999999998,1.0,solar,True,DK1 0,,,0,0,0,1,0
DK2 0 CCGT,inf,0.0,100.0,8410.574268733495,0.58,100.0,38.85517241379311,1.0,CCGT,False,DK2 0,Slack,,0,0,0,1,0
DK2 0 OCGT,inf,0.0,648.0,3830.0237999145133,0.41,648.0,53.524390243902445,1.0,OCGT,True,DK2 0,,,0,0,0,1,0
DK2 0 biomass,inf,0.0,70.0,23618.013769965433,0.47,70.0,14.893617021276597,1.0,biomass,False,DK2 0,,,0,0,0,1,0
DK2 0 offwind-ac,6921.391958801833,2690.1145316032716,412.95,16030.45957359991,1.0,412.95,0.015,1.0,offwind-ac,True,DK2 0,,,0,0,0,1,0
DK2 0 offwind-dc,2418.9932447922365,1093.406778571678,19.45,17964.563028412562,1.0,19.45,0.015,1.0,offwind-dc,True,DK2 0,,,0,0,0,1,0
DK2 0 onwind,11610.066123268376,4897.571970370678,705.0074596316315,8160.719256490287,1.0,705.0074596316315,0.015,1.0,onwind,True,DK2 0,,,0,0,0,1,0
DK2 0 solar,9712.910632858679,1118.713588717062,322.29722810176975,3023.7375576929808,1.0,322.29722810176975,0.01,1.0,solar,True,DK2 0,,,0,0,0,1,0
EE6 0 offwind-ac,14913.863451886637,5225.36978838239,0.0,17368.698600266052,1.0,0.0,0.015,1.0,offwind-ac,True,EE6 0,Slack,,0,0,0,1,0
EE6 0 offwind-dc,2171.7952433372907,859.0696511932595,0.0,18240.19471903965,1.0,0.0,0.015,1.0,offwind-dc,True,EE6 0,,,0,0,0,1,0
EE6 0 onwind,93661.0438976507,26562.268527411503,316.0,8160.719256490289,1.0,316.0,0.015000000000000003,1.0,onwind,True,EE6 0,,,0,0,0,1,0
EE6 0 solar,20679.102035956057,2258.8249892339873,130.30000000000004,3023.737557692981,1.0,130.30000000000004,0.009999999999999998,1.0,solar,True,EE6 0,,,0,0,0,1,0
ES1 0 CCGT,inf,0.0,3548.246,8410.574268733493,0.58,3548.246,38.85517241379312,1.0,CCGT,False,ES1 0,,,0,0,0,1,0
ES1 0 coal,inf,0.0,2007.147682661484,29724.036061713898,0.33,2007.147682661484,28.196969696969695,1.0,coal,False,ES1 0,,,0,0,0,1,0
ES1 0 nuclear,inf,0.0,2017.1,60027.26334202117,0.33,2017.1,11.378787878787879,0.89,nuclear,False,ES1 0,,,0,0,0,1,0
ES1 0 offwind-ac,2306.608315767555,630.6097830907217,0.3409585200299565,15637.170987476955,1.0,0.3409585200299565,0.015,1.0,offwind-ac,True,ES1 0,,,0,0,0,1,0
ES1 0 oil,inf,0.0,81.381,3216.424738650239,0.35,81.381,148.85714285714286,1.0,oil,False,ES1 0,,,0,0,0,1,0
ES1 0 onwind,340469.52539029205,55473.92232703841,9929.086975245993,8160.719256490287,1.0,9929.086975245993,0.015000000000000001,1.0,onwind,True,ES1 0,,,0,0,0,1,0
ES1 0 solar,119356.2266735629,19304.260669739073,3885.818672301073,3023.7375576929808,1.0,3885.818672301073,0.009999999999999998,1.0,solar,True,ES1 0,,,0,0,0,1,0
ES1 1 CCGT,inf,0.0,11990.738000000001,8410.574268733495,0.5485403861921607,11990.738000000001,44.057845002986184,1.0,CCGT,False,ES1 1,,,0,0,0,1,0
ES1 1 OCGT,inf,0.0,1446.413258537947,3830.0237999145133,0.41,1446.413258537947,53.524390243902445,1.0,OCGT,True,ES1 1,,,0,0,0,1,0
ES1 1 coal,inf,0.0,1120.7,29724.036061713898,0.33,1120.7,28.196969696969695,1.0,coal,False,ES1 1,,,0,0,0,1,0
ES1 1 nuclear,inf,0.0,5100.1,60027.263342021164,0.33,5100.1,11.378787878787879,0.89,nuclear,False,ES1 1,,,0,0,0,1,0
ES1 1 offwind-ac,3060.554815211298,436.13566875884203,0.8404623971261109,15587.496529802229,1.0,0.8404623971261109,0.015000000000000001,1.0,offwind-ac,True,ES1 1,,,0,0,0,1,0
ES1 1 offwind-dc,33.68644337269674,8.230959053823359,0.0,18304.23126393647,1.0,0.0,0.015,1.0,offwind-dc,True,ES1 1,,,0,0,0,1,0
ES1 1 oil,inf,0.0,804.5818161731908,3216.4247386502384,0.3499999999999999,804.5818161731908,148.85714285714286,1.0,oil,False,ES1 1,,,0,0,0,1,0
ES1 1 onwind,315392.40791484166,54262.85155994229,9197.740898595934,8160.719256490287,1.0,9197.740898595934,0.015,1.0,onwind,True,ES1 1,,,0,0,0,1,0
ES1 1 ror,inf,147.00824749999998,147.00824749999998,25406.430062482515,0.9,0.0,0.0,1.0,ror,False,ES1 1,,,0,0,0,1,0
ES1 1 solar,125755.16881818391,21977.664610263484,4094.1498614083553,3023.7375576929808,1.0,4094.1498614083553,0.009999999999999998,1.0,solar,True,ES1 1,,,0,0,0,1,0
ES1 2 CCGT,inf,0.0,6537.049999999999,8410.574268733495,0.5576222222222222,6537.049999999999,40.80783357551881,1.0,CCGT,False,ES1 2,,,0,0,0,1,0
ES1 2 coal,inf,0.0,1611.5458000724288,29724.036061713898,0.33,1611.5458000724288,28.196969696969695,1.0,coal,False,ES1 2,,,0,0,0,1,0
ES1 2 offwind-ac,3711.8871927348396,857.5105401217518,1.4950304459532846,15680.689320942613,1.0,1.4950304459532846,0.015000000000000001,1.0,offwind-ac,True,ES1 2,,,0,0,0,1,0
ES1 2 oil,inf,0.0,1705.7419458998477,3216.4247386502393,0.35,1705.7419458998477,148.85714285714286,1.0,oil,False,ES1 2,,,0,0,0,1,0
ES1 2 onwind,266585.6895183036,30688.129415854462,7774.418267094146,8160.719256490288,1.0,7774.418267094146,0.015000000000000003,1.0,onwind,True,ES1 2,,,0,0,0,1,0
ES1 2 solar,113565.94881826796,20582.03079283902,3697.311354949162,3023.737557692981,1.0,3697.311354949162,0.009999999999999998,1.0,solar,True,ES1 2,,,0,0,0,1,0
ES4 0 CCGT,inf,0.0,493.95,8410.574268733495,0.58,493.95,38.85517241379311,1.0,CCGT,False,ES4 0,Slack,,0,0,0,1,0
ES4 0 coal,inf,0.0,239.7036087064253,29724.036061713898,0.33,239.7036087064253,28.196969696969695,1.0,coal,False,ES4 0,,,0,0,0,1,0
ES4 0 offwind-ac,440.24133728929314,85.83014613507555,0.11404166503361188,15482.220198851599,1.0,0.11404166503361188,0.015,1.0,offwind-ac,True,ES4 0,,,0,0,0,1,0
ES4 0 offwind-dc,84.25536857308082,24.316489473235993,0.0,17825.378493694072,1.0,0.0,0.015,1.0,offwind-dc,True,ES4 0,,,0,0,0,1,0
ES4 0 oil,inf,0.0,757.0224779869527,3216.424738650239,0.35,757.0224779869527,148.85714285714286,1.0,oil,False,ES4 0,,,0,0,0,1,0
ES4 0 onwind,6260.341316251613,1371.1927374747738,182.56985952717113,8160.719256490287,1.0,182.56985952717113,0.015,1.0,onwind,True,ES4 0,,,0,0,0,1,0
ES4 0 solar,3308.8975820151286,549.5653530770753,107.72616906433508,3023.7375576929808,1.0,107.72616906433508,0.01,1.0,solar,True,ES4 0,,,0,0,0,1,0
FI2 0 CCGT,inf,0.0,1264.4,8410.574268733495,0.5987477954144621,1264.4,38.147013085152935,1.0,CCGT,False,FI2 0,,,0,0,0,1,0
FI2 0 OCGT,inf,0.0,81.4,3830.0237999145133,0.41,81.4,53.524390243902445,1.0,OCGT,True,FI2 0,,,0,0,0,1,0
FI2 0 coal,inf,0.0,1622.609043551187,29724.0360617139,0.33,1622.609043551187,28.196969696969695,1.0,coal,False,FI2 0,,,0,0,0,1,0
FI2 0 lignite,inf,0.0,460.0,29724.036061713898,0.33,460.0,12.287878787878787,1.0,lignite,False,FI2 0,,,0,0,0,1,0
FI2 0 nuclear,inf,0.0,4362.0,60027.26334202117,0.33,4362.0,11.378787878787879,0.92,nuclear,False,FI2 0,,,0,0,0,1,0
FI2 0 offwind-ac,39117.17543498351,13213.867090160513,44.27939153089005,16180.878925618395,1.0,44.27939153089005,0.015000000000000003,1.0,offwind-ac,True,FI2 0,,,0,0,0,1,0
FI2 0 offwind-dc,24147.80911096125,10009.24970794704,28.686222832558773,18108.076190867178,1.0,28.686222832558773,0.015000000000000005,1.0,offwind-dc,True,FI2 0,,,0,0,0,1,0
FI2 0 oil,inf,0.0,1289.0,3216.424738650239,0.35000000000000003,1289.0,148.85714285714286,1.0,oil,False,FI2 0,,,0,0,0,1,0
FI2 0 onwind,767480.0989649944,162896.85605250736,2871.658661061851,8160.719256490287,1.0,2871.658661061851,0.015000000000000001,1.0,onwind,True,FI2 0,,,0,0,0,1,0
FI2 0 ror,inf,1536.93,1536.93,25406.430062482512,0.9000000000000001,0.0,0.0,1.0,ror,False,FI2 0,,,0,0,0,1,0
FI2 0 solar,33704.97202587018,3146.6757404735927,391.0,3023.73755769298,1.0,391.0,0.01,1.0,solar,True,FI2 0,,,0,0,0,1,0
FR1 0 CCGT,inf,0.0,840.0,8410.574268733495,0.575,840.0,39.15916515426498,1.0,CCGT,False,FR1 0,,,0,0,0,1,0
FR1 0 biomass,inf,0.0,82.54365,23618.013769965422,0.46999999999999986,82.54365,14.893617021276592,1.0,biomass,False,FR1 0,,,0,0,0,1,0
FR1 0 coal,inf,0.0,596.4932108963737,29724.036061713898,0.33,596.4932108963737,28.196969696969695,1.0,coal,False,FR1 0,,,0,0,0,1,0
FR1 0 nuclear,inf,0.0,5200.0,60027.26334202117,0.33,5200.0,11.378787878787879,0.7,nuclear,False,FR1 0,,,0,0,0,1,0
FR1 0 onwind,100060.44588403891,18631.108648424008,2363.9909144814847,8160.719256490289,1.0,2363.9909144814847,0.015000000000000001,1.0,onwind,True,FR1 0,,,0,0,0,1,0
FR1 0 ror,inf,1338.1,1338.1,25406.430062482512,0.9,0.0,0.0,1.0,ror,False,FR1 0,,,0,0,0,1,0
FR1 0 solar,58088.068971534805,6682.001598558964,934.3409148567123,3023.7375576929808,1.0,934.3409148567123,0.010000000000000002,1.0,solar,True,FR1 0,,,0,0,0,1,0
FR1 1 CCGT,inf,0.0,401.0,8410.574268733495,0.58,401.0,38.85517241379311,1.0,CCGT,False,FR1 1,,,0,0,0,1,0
FR1 1 biomass,inf,0.0,39.153,23618.013769965426,0.46999999999999986,39.153,14.893617021276604,1.0,biomass,False,FR1 1,,,0,0,0,1,0
FR1 1 nuclear,inf,0.0,2990.0,60027.26334202117,0.33,2990.0,11.378787878787879,0.7,nuclear,False,FR1 1,,,0,0,0,1,0
FR1 1 onwind,196970.30200040108,35353.98647600165,2008.3396201081302,8160.719256490289,1.0,2008.3396201081302,0.015000000000000001,1.0,onwind,True,FR1 1,,,0,0,0,1,0
FR1 1 ror,inf,627.7539885937881,627.7539885937881,25406.430062482512,0.9,0.0,0.0,1.0,ror,False,FR1 1,,,0,0,0,1,0
FR1 1 solar,90762.85458799088,11391.179565846696,1845.3463194394128,3023.7375576929817,1.0,1845.3463194394128,0.010000000000000002,1.0,solar,True,FR1 1,,,0,0,0,1,0
FR1 2 CCGT,inf,0.0,1996.0,8410.574268733495,0.5875,1996.0,38.42908422837762,1.0,CCGT,False,FR1 2,,,0,0,0,1,0
FR1 2 biomass,inf,0.0,302.333,23618.013769965437,0.46999999999999986,302.333,14.893617021276599,1.0,biomass,False,FR1 2,,,0,0,0,1,0
FR1 2 nuclear,inf,0.0,27070.0,60027.26334202117,0.33,27070.0,11.378787878787879,0.7,nuclear,False,FR1 2,,,0,0,0,1,0
FR1 2 offwind-ac,4020.6530874979844,1504.60865296002,0.11929531479370567,15810.18262881464,1.0,0.11929531479370567,0.015000000000000003,1.0,offwind-ac,True,FR1 2,,,0,0,0,1,0
FR1 2 offwind-dc,2284.6087087680744,1018.0777992913812,0.0,17230.701362189637,1.0,0.0,0.015,1.0,offwind-dc,True,FR1 2,,,0,0,0,1,0
FR1 2 onwind,134519.05467355158,34083.83705506635,7319.991989413513,8160.719256490288,1.0,7319.991989413513,0.015000000000000006,1.0,onwind,True,FR1 2,,,0,0,0,1,0
FR1 2 solar,117227.89106477861,13628.599738517607,1398.148241138747,3023.7375576929808,1.0,1398.148241138747,0.01,1.0,solar,True,FR1 2,,,0,0,0,1,0
FR1 3 CCGT,inf,0.0,1783.0,8410.574268733495,0.5725,1783.0,39.315196826365586,1.0,CCGT,False,FR1 3,,,0,0,0,1,0
FR1 3 biomass,inf,0.0,72.94,23618.013769965433,0.47,72.94,14.893617021276597,1.0,biomass,False,FR1 3,,,0,0,0,1,0
FR1 3 coal,inf,0.0,576.210597851984,29724.036061713898,0.33,576.210597851984,28.196969696969695,1.0,coal,False,FR1 3,,,0,0,0,1,0
FR1 3 nuclear,inf,0.0,3660.0,60027.26334202117,0.33,3660.0,11.378787878787879,0.7,nuclear,False,FR1 3,,,0,0,0,1,0
FR1 3 offwind-ac,1927.2662229528398,590.5922045107004,0.0,15643.670724217029,1.0,0.0,0.015,1.0,offwind-ac,True,FR1 3,,,0,0,0,1,0
FR1 3 onwind,58617.97394128591,11913.378323948613,790.4105109657285,8160.71925649029,1.0,790.4105109657285,0.015,1.0,onwind,True,FR1 3,,,0,0,0,1,0
FR1 3 ror,inf,1949.8110581719686,1949.8110581719686,25406.430062482505,0.9,0.0,0.0,1.0,ror,False,FR1 3,,,0,0,0,1,0
FR1 3 solar,24113.152200985303,3845.0962382515204,1883.8294019451305,3023.7375576929803,1.0,1883.8294019451305,0.01,1.0,solar,True,FR1 3,,,0,0,0,1,0
FR1 4 CCGT,inf,0.0,435.0,8410.574268733495,0.3821176470588235,435.0,56.80160098522168,1.0,CCGT,False,FR1 4,,,0,0,0,1,0
FR1 4 biomass,inf,0.0,118.0589,23618.013769965437,0.4699999999999998,118.0589,14.893617021276592,1.0,biomass,False,FR1 4,,,0,0,0,1,0
FR1 4 coal,inf,0.0,1161.6405652695996,29724.036061713898,0.33,1161.6405652695996,28.196969696969695,1.0,coal,False,FR1 4,,,0,0,0,1,0
FR1 4 nuclear,inf,0.0,6280.0,60027.26334202117,0.33,6280.0,11.378787878787879,0.7,nuclear,False,FR1 4,,,0,0,0,1,0
FR1 4 offwind-ac,13331.76879171943,5182.144774121071,0.2122482573591245,15892.461010455347,1.0,0.2122482573591245,0.015000000000000003,1.0,offwind-ac,True,FR1 4,,,0,0,0,1,0
FR1 4 offwind-dc,2190.4532868595115,991.8274521293941,0.0,17467.558980672155,1.0,0.0,0.015000000000000005,1.0,offwind-dc,True,FR1 4,,,0,0,0,1,0
FR1 4 onwind,190652.12624769402,52467.70572454819,3585.840217020662,8160.719256490287,1.0,3585.840217020662,0.015000000000000001,1.0,onwind,True,FR1 4,,,0,0,0,1,0
FR1 4 solar,140474.18878892146,17490.862906205715,2119.9334667247504,3023.7375576929808,1.0,2119.9334667247504,0.01,1.0,solar,True,FR1 4,,,0,0,0,1,0
FR1 5 biomass,inf,0.0,82.88990000000001,23618.01376996543,0.47000000000000003,82.88990000000001,14.893617021276599,1.0,biomass,False,FR1 5,,,0,0,0,1,0
FR1 5 nuclear,inf,0.0,6250.0,60027.26334202117,0.33,6250.0,11.378787878787879,0.7,nuclear,False,FR1 5,,,0,0,0,1,0
FR1 5 offwind-ac,41.46904114115868,3.217375793231093,0.0,15590.480208958512,1.0,0.0,0.015,1.0,offwind-ac,True,FR1 5,,,0,0,0,1,0
FR1 5 onwind,100588.12999858154,7597.836771732354,478.11945872427975,8160.719256490288,1.0,478.11945872427975,0.014999999999999998,1.0,onwind,True,FR1 5,,,0,0,0,1,0
FR1 5 ror,inf,2592.9085944273247,2592.9085944273247,25406.430062482515,0.8999999999999998,0.0,0.0,1.0,ror,False,FR1 5,,,0,0,0,1,0
FR1 5 solar,47655.20355968194,6254.865267943107,935.9982553762808,3023.7375576929803,1.0,935.9982553762808,0.01,1.0,solar,True,FR1 5,,,0,0,0,1,0
FR1 6 biomass,inf,0.0,70.12199999999999,23618.013769965444,0.4700000000000001,70.12199999999999,14.8936170212766,1.0,biomass,False,FR1 6,,,0,0,0,1,0
FR1 6 nuclear,inf,0.0,6260.0,60027.26334202117,0.33,6260.0,11.378787878787879,0.7,nuclear,False,FR1 6,,,0,0,0,1,0
FR1 6 offwind-ac,4888.574335227468,1247.2445560615677,0.23916902538781007,16120.909665463076,1.0,0.23916902538781007,0.015,1.0,offwind-ac,True,FR1 6,,,0,0,0,1,0
FR1 6 offwind-dc,140.31876290051187,46.14931389864454,0.0,17142.813060901924,1.0,0.0,0.015,1.0,offwind-dc,True,FR1 6,,,0,0,0,1,0
FR1 6 onwind,170528.46492263253,23742.71562308337,762.2657223750498,8160.719256490289,1.0,762.2657223750498,0.015,1.0,onwind,True,FR1 6,,,0,0,0,1,0
FR1 6 ror,inf,327.66999999999996,327.66999999999996,25406.430062482515,0.9,0.0,0.0,1.0,ror,False,FR1 6,,,0,0,0,1,0
FR1 6 solar,75626.20154902985,10283.135863577842,2478.151291471234,3023.7375576929808,1.0,2478.151291471234,0.01,1.0,solar,True,FR1 6,,,0,0,0,1,0
GB0 0 CCGT,inf,0.0,9290.0,8410.574268733497,0.5775,9290.0,39.012695924764905,1.0,CCGT,False,GB0 0,Slack,,0,0,0,1,0
GB0 0 OCGT,inf,0.0,18.0,3830.0237999145133,0.41,18.0,53.524390243902445,1.0,OCGT,True,GB0 0,,,0,0,0,1,0
GB0 0 biomass,inf,0.0,1145.8000000000002,23618.013769965433,0.4699999999999999,1145.8000000000002,14.893617021276597,1.0,biomass,False,GB0 0,,,0,0,0,1,0
GB0 0 nuclear,inf,0.0,1320.0,60027.26334202117,0.33,1320.0,11.378787878787879,0.67,nuclear,False,GB0 0,,,0,0,0,1,0
GB0 0 offwind-ac,6509.027942072947,2707.776588587596,2090.206467268842,15852.630213935552,1.0,2090.206467268842,0.015000000000000005,1.0,offwind-ac,True,GB0 0,,,0,0,0,1,0
GB0 0 offwind-dc,20474.702051665976,9631.005274367144,2186.550620496941,18793.391686078874,1.0,2186.550620496941,0.015000000000000001,1.0,offwind-dc,True,GB0 0,,,0,0,0,1,0
GB0 0 oil,inf,0.0,100.0,3216.424738650239,0.35,100.0,148.85714285714286,1.0,oil,False,GB0 0,,,0,0,0,1,0
GB0 0 onwind,62548.53024932372,23145.82330300543,556.4616547510273,8160.719256490286,1.0,556.4616547510273,0.015000000000000001,1.0,onwind,True,GB0 0,,,0,0,0,1,0
GB0 0 solar,58807.379915293495,6515.481006101745,4016.6850115887955,3023.7375576929803,1.0,4016.6850115887955,0.010000000000000002,1.0,solar,True,GB0 0,,,0,0,0,1,0
GB0 1 CCGT,inf,0.0,4158.453007396332,8410.574268733495,0.58,4158.453007396332,38.85517241379311,1.0,CCGT,False,GB0 1,,,0,0,0,1,0
GB0 1 biomass,inf,0.0,678.7,23618.01376996543,0.46999999999999986,678.7,14.893617021276595,1.0,biomass,False,GB0 1,,,0,0,0,1,0
GB0 1 nuclear,inf,0.0,2676.0,60027.26334202117,0.33,2676.0,11.378787878787879,0.67,nuclear,False,GB0 1,,,0,0,0,1,0
GB0 1 offwind-ac,7405.472322649023,3001.6705733372464,1590.3764734570534,16125.030637003792,1.0,1590.3764734570534,0.015,1.0,offwind-ac,True,GB0 1,,,0,0,0,1,0
GB0 1 offwind-dc,6735.041656591524,2961.943271231854,1233.7141318542338,17540.11903050569,1.0,1233.7141318542338,0.015,1.0,offwind-dc,True,GB0 1,,,0,0,0,1,0
GB0 1 onwind,76705.34128607088,26695.80658808173,1080.4977193696673,8160.719256490288,1.0,1080.4977193696673,0.015000000000000001,1.0,onwind,True,GB0 1,,,0,0,0,1,0
GB0 1 ror,inf,2491.4,2491.4,25406.430062482512,0.9,0.0,0.0,1.0,ror,False,GB0 1,,,0,0,0,1,0
GB0 1 solar,55885.26671038261,5713.355241323963,1941.9073636221508,3023.737557692981,1.0,1941.9073636221508,0.01,1.0,solar,True,GB0 1,,,0,0,0,1,0
GB0 2 CCGT,inf,0.0,180.0,8410.574268733495,0.58,180.0,38.85517241379311,1.0,CCGT,False,GB0 2,,,0,0,0,1,0
GB0 2 OCGT,inf,0.0,2.5,3830.0237999145133,0.41,2.5,53.524390243902445,1.0,OCGT,True,GB0 2,,,0,0,0,1,0
GB0 2 biomass,inf,0.0,484.9,23618.01376996544,0.4700000000000001,484.9,14.8936170212766,1.0,biomass,False,GB0 2,,,0,0,0,1,0
GB0 2 nuclear,inf,0.0,2390.0,60027.26334202117,0.33,2390.0,11.378787878787879,0.67,nuclear,False,GB0 2,,,0,0,0,1,0
GB0 2 offwind-ac,21188.355829552776,9339.67352834645,605.7842203722222,17280.436852674466,1.0,605.7842203722222,0.015000000000000003,1.0,offwind-ac,True,GB0 2,,,0,0,0,1,0
GB0 2 offwind-dc,7331.319501332451,3785.9046343778546,499.59836751839316,18157.46389596917,1.0,499.59836751839316,0.015000000000000001,1.0,offwind-dc,True,GB0 2,,,0,0,0,1,0
GB0 2 onwind,135267.04399780396,48238.86741877773,8502.400027035443,8160.71925649029,1.0,8502.400027035443,0.015000000000000001,1.0,onwind,True,GB0 2,,,0,0,0,1,0
GB0 2 ror,inf,6297.5,6297.5,25406.430062482512,0.8999999999999999,0.0,0.0,1.0,ror,False,GB0 2,,,0,0,0,1,0
GB0 2 solar,52755.45608901417,4984.997109109482,1069.3400065553942,3023.737557692981,1.0,1069.3400065553942,0.010000000000000002,1.0,solar,True,GB0 2,,,0,0,0,1,0
GB0 3 CCGT,inf,0.0,9912.0,8410.574268733495,0.58,9912.0,38.85517241379311,1.0,CCGT,False,GB0 3,,,0,0,0,1,0
GB0 3 biomass,inf,0.0,3951.6000000000004,23618.013769965437,0.47,3951.6000000000004,14.893617021276595,1.0,biomass,False,GB0 3,,,0,0,0,1,0
GB0 3 coal,inf,0.0,5312.20074371701,29724.036061713898,0.33,5312.20074371701,28.1969696969697,1.0,coal,False,GB0 3,,,0,0,0,1,0
GB0 3 nuclear,inf,0.0,1332.0,60027.26334202117,0.33,1332.0,11.378787878787879,0.67,nuclear,False,GB0 3,,,0,0,0,1,0
GB0 3 offwind-ac,4426.646695272672,1691.160851303985,1066.630166303795,15872.316860756748,1.0,1066.630166303795,0.015000000000000006,1.0,offwind-ac,True,GB0 3,,,0,0,0,1,0
GB0 3 offwind-dc,7749.785155749855,3404.878069470074,983.3432320129232,18731.693301698768,1.0,983.3432320129232,0.015,1.0,offwind-dc,True,GB0 3,,,0,0,0,1,0
GB0 3 onwind,50227.8315807201,19909.22603061487,1475.9865905370439,8160.719256490289,1.0,1475.9865905370439,0.015,1.0,onwind,True,GB0 3,,,0,0,0,1,0
GB0 3 solar,41725.2623272318,4488.3944383028975,1838.079832332658,3023.73755769298,1.0,1838.079832332658,0.01,1.0,solar,True,GB0 3,,,0,0,0,1,0
GB0 4 CCGT,inf,0.0,5930.1,8410.574268733495,0.58,5930.1,38.85517241379312,1.0,CCGT,False,GB0 4,,,0,0,0,1,0
GB0 4 OCGT,inf,0.0,351.1224321468432,3830.0237999145133,0.41,351.1224321468432,53.524390243902445,1.0,OCGT,True,GB0 4,,,0,0,0,1,0
GB0 4 biomass,inf,0.0,422.9,23618.013769965433,0.4699999999999999,422.9,14.893617021276597,1.0,biomass,False,GB0 4,,,0,0,0,1,0
GB0 4 nuclear,inf,0.0,1061.0,60027.26334202117,0.33,1061.0,11.378787878787879,0.67,nuclear,False,GB0 4,,,0,0,0,1,0
GB0 4 offwind-ac,11545.377330706811,4607.923123484003,82.38964069390843,15890.56570206664,1.0,82.38964069390843,0.015000000000000001,1.0,offwind-ac,True,GB0 4,,,0,0,0,1,0
GB0 4 offwind-dc,88.6021192399223,41.62185385508581,0.6325337371689997,17418.450397294284,1.0,0.6325337371689997,0.015,1.0,offwind-dc,True,GB0 4,,,0,0,0,1,0
GB0 4 onwind,75582.48529549119,28616.27705807899,1147.0612040808621,8160.719256490286,1.0,1147.0612040808621,0.015000000000000001,1.0,onwind,True,GB0 4,,,0,0,0,1,0
GB0 4 solar,51247.27620624019,5668.403496981689,4029.9320584763013,3023.737557692981,1.0,4029.9320584763013,0.01,1.0,solar,True,GB0 4,,,0,0,0,1,0
GB5 0 OCGT,inf,0.0,1198.0,3830.0237999145133,0.41,1198.0,53.524390243902445,1.0,OCGT,True,GB5 0,Slack,,0,0,0,1,0
GB5 0 biomass,inf,0.0,38.7,23618.013769965433,0.4699999999999999,38.7,14.893617021276597,1.0,biomass,False,GB5 0,,,0,0,0,1,0
GB5 0 coal,inf,0.0,521.8163174147567,29724.036061713898,0.33,521.8163174147567,28.196969696969695,1.0,coal,False,GB5 0,,,0,0,0,1,0
GB5 0 offwind-ac,2439.7453488114497,1157.6879318141578,17.41743037822336,16710.19924032204,1.0,17.41743037822336,0.015,1.0,offwind-ac,True,GB5 0,,,0,0,0,1,0
GB5 0 offwind-dc,3643.8373082602234,1921.9581007910292,26.01348647190314,19531.742356537165,1.0,26.01348647190314,0.015,1.0,offwind-dc,True,GB5 0,,,0,0,0,1,0
GB5 0 onwind,31616.56487321188,12035.23241911524,1334.2374182249423,8160.71925649029,1.0,1334.2374182249423,0.015,1.0,onwind,True,GB5 0,,,0,0,0,1,0
GB5 0 solar,19210.582340179222,1870.7241874496683,552.9841731957324,3023.737557692981,1.0,552.9841731957324,0.01,1.0,solar,True,GB5 0,,,0,0,0,1,0
HU1 0 coal,inf,0.0,230.4842391407936,29724.036061713898,0.33,230.4842391407936,28.196969696969695,1.0,coal,False,HU1 0,,,0,0,0,1,0
HU1 0 lignite,inf,0.0,815.1716510416943,29724.036061713898,0.33,815.1716510416943,12.287878787878787,1.0,lignite,False,HU1 0,,,0,0,0,1,0
HU1 0 nuclear,inf,0.0,1898.9,60027.26334202117,0.33,1898.9,11.378787878787879,0.9,nuclear,False,HU1 0,,,0,0,0,1,0
HU1 0 onwind,137107.76775940537,20407.09453288758,323.0000000000001,8160.719256490288,1.0,323.0000000000001,0.015000000000000003,1.0,onwind,True,HU1 0,,,0,0,0,1,0
HU1 0 ror,inf,19.7,19.7,25406.430062482512,0.9,0.0,0.0,1.0,ror,False,HU1 0,,,0,0,0,1,0
HU1 0 solar,100231.51747478996,13096.21614931656,1952.9999999999995,3023.737557692981,1.0,1952.9999999999995,0.010000000000000002,1.0,solar,True,HU1 0,,,0,0,0,1,0
IE5 0 CCGT,inf,0.0,3736.0,8410.574268733495,0.548982254697286,3736.0,42.95002354194179,1.0,CCGT,False,IE5 0,,,0,0,0,1,0
IE5 0 biomass,inf,0.0,3.0,23618.013769965433,0.47,3.0,14.893617021276597,1.0,biomass,False,IE5 0,,,0,0,0,1,0
IE5 0 coal,inf,0.0,843.5723152553045,29724.036061713898,0.33,843.5723152553045,28.196969696969695,1.0,coal,False,IE5 0,,,0,0,0,1,0
IE5 0 lignite,inf,0.0,253.0,29724.036061713898,0.33,253.0,12.287878787878787,1.0,lignite,False,IE5 0,,,0,0,0,1,0
IE5 0 offwind-ac,13887.456210473472,5791.875116549185,24.78404833872229,16328.942495855339,1.0,24.78404833872229,0.015000000000000003,1.0,offwind-ac,True,IE5 0,,,0,0,0,1,0
IE5 0 offwind-dc,231.83612804659668,124.85055002161883,0.41379521193121843,18530.039904946374,1.0,0.41379521193121843,0.015,1.0,offwind-dc,True,IE5 0,,,0,0,0,1,0
IE5 0 oil,inf,0.0,208.0,3216.424738650239,0.35,208.0,148.85714285714286,1.0,oil,False,IE5 0,,,0,0,0,1,0
IE5 0 onwind,141619.10062651098,48547.553182285585,4279.285763962744,8160.719256490289,1.0,4279.285763962744,0.015,1.0,onwind,True,IE5 0,,,0,0,0,1,0
IE5 0 ror,inf,216.0,216.0,25406.430062482512,0.9,0.0,0.0,1.0,ror,False,IE5 0,,,0,0,0,1,0
IE5 0 solar,73989.6180293656,7674.320097836435,53.53473992448871,3023.7375576929808,1.0,53.53473992448871,0.01,1.0,solar,True,IE5 0,,,0,0,0,1,0
IT1 0 CCGT,inf,0.0,7503.0,8410.574268733493,0.5738461538461539,7503.0,39.24081167174045,1.0,CCGT,False,IT1 0,,,0,0,0,1,0
IT1 0 OCGT,inf,0.0,2877.0,3830.0237999145133,0.41,2877.0,53.524390243902445,1.0,OCGT,True,IT1 0,,,0,0,0,1,0
IT1 0 biomass,inf,0.0,2.295,23618.013769965433,0.47,2.295,14.893617021276597,1.0,biomass,False,IT1 0,,,0,0,0,1,0
IT1 0 coal,inf,0.0,1209.5812870108848,29724.036061713898,0.33,1209.5812870108848,28.196969696969695,1.0,coal,False,IT1 0,,,0,0,0,1,0
IT1 0 offwind-ac,13151.832825390942,1595.2189416219665,0.0,15823.810625701199,1.0,0.0,0.015000000000000005,1.0,offwind-ac,True,IT1 0,,,0,0,0,1,0
IT1 0 offwind-dc,2433.2026425708373,380.5710101900989,0.0,17257.74153031221,1.0,0.0,0.015,1.0,offwind-dc,True,IT1 0,,,0,0,0,1,0
IT1 0 onwind,147252.9245275127,7172.970794035927,2969.38570821404,8160.719256490287,1.0,2969.38570821404,0.014999999999999998,1.0,onwind,True,IT1 0,,,0,0,0,1,0
IT1 0 ror,inf,3005.0,3005.0,25406.430062482515,0.9,0.0,0.0,1.0,ror,False,IT1 0,,,0,0,0,1,0
IT1 0 solar,75182.98191107006,10622.863947733094,6270.901422262116,3023.7375576929803,1.0,6270.901422262116,0.01,1.0,solar,True,IT1 0,,,0,0,0,1,0
IT1 1 CCGT,inf,0.0,5160.0,8410.574268733495,0.5543157894736842,5160.0,41.071472818990884,1.0,CCGT,False,IT1 1,,,0,0,0,1,0
IT1 1 OCGT,inf,0.0,5074.0,3830.0237999145133,0.4180701754385965,5074.0,52.61322985957133,1.0,OCGT,True,IT1 1,,,0,0,0,1,0
IT1 1 coal,inf,0.0,1963.7257174795611,29724.036061713898,0.33,1963.7257174795611,28.196969696969695,1.0,coal,False,IT1 1,,,0,0,0,1,0
IT1 1 offwind-ac,13521.710750798755,1576.238446610088,0.0,15816.9553420186,1.0,0.0,0.015000000000000001,1.0,offwind-ac,True,IT1 1,,,0,0,0,1,0
IT1 1 offwind-dc,30.43731176174057,6.092745293572089,0.0,17574.097362339337,1.0,0.0,0.015,1.0,offwind-dc,True,IT1 1,,,0,0,0,1,0
IT1 1 onwind,113091.81894827474,7954.972437688945,2430.1136051571266,8160.719256490287,1.0,2430.1136051571266,0.015000000000000001,1.0,onwind,True,IT1 1,,,0,0,0,1,0
IT1 1 ror,inf,1152.0,1152.0,25406.430062482512,0.9,0.0,0.0,1.0,ror,False,IT1 1,,,0,0,0,1,0
IT1 1 solar,62198.04614894471,9559.575849521083,5276.105645730625,3023.7375576929808,1.0,5276.105645730625,0.01,1.0,solar,True,IT1 1,,,0,0,0,1,0
IT1 2 CCGT,inf,0.0,7127.0,8410.574268733495,0.5177969353225602,7127.0,49.08193974698557,1.0,CCGT,False,IT1 2,,,0,0,0,1,0
IT1 2 OCGT,inf,0.0,4762.5,3830.023799914513,0.3787762803234501,4762.5,61.52048351901952,1.0,OCGT,True,IT1 2,,,0,0,0,1,0
IT1 2 biomass,inf,0.0,0.12,23618.013769965433,0.47,0.12,14.893617021276597,1.0,biomass,False,IT1 2,,,0,0,0,1,0
IT1 2 coal,inf,0.0,553.1621739379046,29724.036061713898,0.33,553.1621739379046,28.196969696969695,1.0,coal,False,IT1 2,,,0,0,0,1,0
IT1 2 offwind-ac,1158.4106658011397,92.03596435995325,0.0,15718.41598205822,1.0,0.0,0.015000000000000001,1.0,offwind-ac,True,IT1 2,,,0,0,0,1,0
IT1 2 onwind,90084.86582386249,2169.0648052047377,1933.437998755405,8160.71925649029,1.0,1933.437998755405,0.015000000000000001,1.0,onwind,True,IT1 2,,,0,0,0,1,0
IT1 2 ror,inf,2595.4900000000002,2595.4900000000002,25406.430062482505,0.8999999999999999,0.0,0.0,1.0,ror,False,IT1 2,,,0,0,0,1,0
IT1 2 solar,41594.19772542795,5822.390359904457,3528.254555927494,3023.7375576929803,1.0,3528.254555927494,0.010000000000000002,1.0,solar,True,IT1 2,,,0,0,0,1,0
IT1 3 CCGT,inf,0.0,8860.0,8410.574268733495,0.5443502368025874,8860.0,45.43186423686033,1.0,CCGT,False,IT1 3,,,0,0,0,1,0
IT1 3 coal,inf,0.0,2815.4748261955165,29724.036061713898,0.33,2815.4748261955165,28.196969696969695,1.0,coal,False,IT1 3,,,0,0,0,1,0
IT1 3 offwind-ac,10650.698322104725,1791.4724193315694,0.0,15815.75182507448,1.0,0.0,0.015000000000000003,1.0,offwind-ac,True,IT1 3,,,0,0,0,1,0
IT1 3 offwind-dc,354.4822130313368,116.92679237516582,0.0,19910.147255648804,1.0,0.0,0.015,1.0,offwind-dc,True,IT1 3,,,0,0,0,1,0
IT1 3 onwind,115799.97484841995,13773.742362133422,2488.306377711607,8160.719256490288,1.0,2488.306377711607,0.015,1.0,onwind,True,IT1 3,,,0,0,0,1,0
IT1 3 ror,inf,612.0,612.0,25406.430062482512,0.9,0.0,0.0,1.0,ror,False,IT1 3,,,0,0,0,1,0
IT1 3 solar,64635.02640189769,10764.68580013972,5482.828622853555,3023.7375576929808,1.0,5482.828622853555,0.01,1.0,solar,True,IT1 3,,,0,0,0,1,0
IT3 0 CCGT,inf,0.0,718.0,8410.574268733495,0.58,718.0,38.85517241379311,1.0,CCGT,False,IT3 0,Slack,,0,0,0,1,0
IT3 0 coal,inf,0.0,1246.4587652734117,29724.036061713898,0.33,1246.4587652734117,28.1969696969697,1.0,coal,False,IT3 0,,,0,0,0,1,0
IT3 0 offwind-ac,4936.504286091911,957.7623683917424,0.0,15793.059443649066,1.0,0.0,0.015,1.0,offwind-ac,True,IT3 0,,,0,0,0,1,0
IT3 0 oil,inf,0.0,150.0,3216.424738650239,0.35,150.0,148.85714285714286,1.0,oil,False,IT3 0,,,0,0,0,1,0
IT3 0 onwind,54993.08218786208,9210.068762422074,1044.6280427520064,8160.719256490288,1.0,1044.6280427520064,0.015,1.0,onwind,True,IT3 0,,,0,0,0,1,0
IT3 0 ror,inf,60.0,60.0,25406.43006248251,0.9,0.0,0.0,1.0,ror,False,IT3 0,,,0,0,0,1,0
IT3 0 solar,14038.098386307032,2254.299684871583,1141.3418702755498,3023.7375576929803,1.0,1141.3418702755498,0.01,1.0,solar,True,IT3 0,,,0,0,0,1,0
LT6 0 offwind-ac,1047.577224568107,368.9408490241704,0.0,15989.779791527533,1.0,0.0,0.015,1.0,offwind-ac,True,LT6 0,,,0,0,0,1,0
LT6 0 offwind-dc,716.4638220153093,292.68913567673343,0.0,17292.856335535478,1.0,0.0,0.015,1.0,offwind-dc,True,LT6 0,,,0,0,0,1,0
LT6 0 onwind,128362.86113078307,29677.3244801811,538.9999999999999,8160.719256490289,1.0,538.9999999999999,0.015000000000000006,1.0,onwind,True,LT6 0,,,0,0,0,1,0
LT6 0 ror,inf,101.0,101.0,25406.430062482512,0.9,0.0,0.0,1.0,ror,False,LT6 0,,,0,0,0,1,0
LT6 0 solar,59006.49062521402,6381.001872578037,148.0,3023.737557692981,1.0,148.0,0.01,1.0,solar,True,LT6 0,,,0,0,0,1,0
LU1 0 biomass,inf,0.0,7.3895,23618.013769965433,0.47,7.3895,14.893617021276597,1.0,biomass,False,LU1 0,,,0,0,0,1,0
LU1 0 onwind,3046.4654016044733,680.0170747695328,219.48675430264836,8160.71925649029,1.0,219.48675430264836,0.015000000000000005,1.0,onwind,True,LU1 0,,,0,0,0,1,0
LU1 0 ror,inf,30.9,30.9,25406.430062482512,0.9,0.0,0.0,1.0,ror,False,LU1 0,,,0,0,0,1,0
LU1 0 solar,2447.0391565326763,266.0275194190832,256.76111445536725,3023.73755769298,1.0,256.76111445536725,0.009999999999999998,1.0,solar,True,LU1 0,,,0,0,0,1,0
LV6 0 offwind-ac,7817.285521305054,2642.3748432742877,0.0,16371.337437480766,1.0,0.0,0.015,1.0,offwind-ac,True,LV6 0,,,0,0,0,1,0
LV6 0 offwind-dc,3035.7089719010664,1218.6311011788207,0.0,17512.211970561602,1.0,0.0,0.015,1.0,offwind-dc,True,LV6 0,,,0,0,0,1,0
LV6 0 onwind,149659.0269500321,36529.73061896549,77.83381581564684,8160.71925649029,1.0,77.83381581564684,0.015000000000000005,1.0,onwind,True,LV6 0,,,0,0,0,1,0
LV6 0 ror,inf,1536.1,1536.1,25406.430062482512,0.9,0.0,0.0,1.0,ror,False,LV6 0,,,0,0,0,1,0
LV6 0 solar,40065.03642627155,4389.776846056907,7.085315778473014,3023.73755769298,1.0,7.085315778473014,0.009999999999999998,1.0,solar,True,LV6 0,,,0,0,0,1,0
NL1 0 CCGT,inf,0.0,8787.1,8410.574268733495,0.5407759727108791,8787.1,43.55057698819081,1.0,CCGT,False,NL1 0,,,0,0,0,1,0
NL1 0 coal,inf,0.0,5743.937756730904,29724.0360617139,0.33,5743.937756730904,28.196969696969695,1.0,coal,False,NL1 0,,,0,0,0,1,0
NL1 0 nuclear,inf,0.0,485.0,60027.26334202117,0.33,485.0,11.378787878787879,0.86,nuclear,False,NL1 0,,,0,0,0,1,0
NL1 0 offwind-ac,3218.694936850145,1346.3921938348035,146.92388790430215,15950.90982373387,1.0,146.92388790430215,0.015000000000000006,1.0,offwind-ac,True,NL1 0,,,0,0,0,1,0
NL1 0 offwind-dc,50152.60808329761,24769.821668136636,2289.2984172836473,19317.394924173983,1.0,2289.2984172836473,0.015000000000000001,1.0,offwind-dc,True,NL1 0,,,0,0,0,1,0
NL1 0 oil,inf,0.0,324.2174234054962,3216.424738650239,0.35,324.2174234054962,148.85714285714286,1.0,oil,False,NL1 0,,,0,0,0,1,0
NL1 0 onwind,46307.70399180629,15179.061791140992,4100.0,8160.719256490289,1.0,4100.0,0.015,1.0,onwind,True,NL1 0,,,0,0,0,1,0
NL1 0 solar,46171.06317218166,5011.233417283749,10212.999999999998,3023.7375576929808,1.0,10212.999999999998,0.01,1.0,solar,True,NL1 0,,,0,0,0,1,0
NO2 0 offwind-ac,32085.533284472484,8898.461556056836,0.8803730455650209,16587.921724541873,1.0,0.8803730455650209,0.015000000000000001,1.0,offwind-ac,True,NO2 0,,,0,0,0,1,0
NO2 0 offwind-dc,5890.241077630671,2443.5094201160787,0.13749408752536607,18843.117979266157,1.0,0.13749408752536607,0.015000000000000003,1.0,offwind-dc,True,NO2 0,,,0,0,0,1,0
NO2 0 onwind,682332.9693901606,86550.0061945597,3504.241338938149,8160.719256490288,1.0,3504.241338938149,0.015,1.0,onwind,True,NO2 0,,,0,0,0,1,0
NO2 0 ror,inf,210.5,210.5,25406.430062482512,0.9,0.0,0.0,1.0,ror,False,NO2 0,,,0,0,0,1,0
NO2 0 solar,100432.77456742332,8464.028108042861,151.7,3023.7375576929803,1.0,151.7,0.010000000000000002,1.0,solar,True,NO2 0,,,0,0,0,1,0
PL1 0 CCGT,inf,0.0,288.6,8410.574268733495,0.58,288.6,38.85517241379311,1.0,CCGT,False,PL1 0,,,0,0,0,1,0
PL1 0 coal,inf,0.0,12410.341567943677,29724.036061713898,0.33,12410.341567943677,28.196969696969695,1.0,coal,False,PL1 0,,,0,0,0,1,0
PL1 0 lignite,inf,0.0,6519.528928580066,29724.036061713898,0.33,6519.528928580066,12.287878787878787,1.0,lignite,False,PL1 0,,,0,0,0,1,0
PL1 0 offwind-ac,4880.382629706242,1695.2021352838074,0.0,16011.522815075394,1.0,0.0,0.015,1.0,offwind-ac,True,PL1 0,,,0,0,0,1,0
PL1 0 offwind-dc,3668.3885743060528,1593.7880163013076,0.0,17609.98080903935,1.0,0.0,0.015,1.0,offwind-dc,True,PL1 0,,,0,0,0,1,0
PL1 0 oil,inf,0.0,50.94845224943512,3216.424738650239,0.35,50.94845224943512,148.85714285714286,1.0,oil,False,PL1 0,,,0,0,0,1,0
PL1 0 onwind,421485.165196432,98566.45968561973,6266.6900000000005,8160.719256490287,1.0,6266.6900000000005,0.015,1.0,onwind,True,PL1 0,,,0,0,0,1,0
PL1 0 ror,inf,182.40036877954398,182.40036877954398,25406.430062482512,0.9,0.0,0.0,1.0,ror,False,PL1 0,,,0,0,0,1,0
PL1 0 solar,292071.39784368116,31380.872472640913,3935.7400000000007,3023.7375576929803,1.0,3935.7400000000007,0.009999999999999998,1.0,solar,True,PL1 0,,,0,0,0,1,0
PT1 0 CCGT,inf,0.0,3829.0,8410.574268733495,0.57875,3829.0,38.930509745127445,1.0,CCGT,False,PT1 0,,,0,0,0,1,0
PT1 0 offwind-ac,4340.53507828189,1118.2298110588974,24.969735684727667,15718.112521904633,1.0,24.969735684727667,0.015,1.0,offwind-ac,True,PT1 0,,,0,0,0,1,0
PT1 0 onwind,160032.06714686897,24887.530200316596,5213.668259889652,8160.71925649029,1.0,5213.668259889652,0.015,1.0,onwind,True,PT1 0,,,0,0,0,1,0
PT1 0 ror,inf,2638.5,2638.5,25406.430062482512,0.9000000000000001,0.0,0.0,1.0,ror,False,PT1 0,,,0,0,0,1,0
PT1 0 solar,45514.53553916023,7717.888675203406,1025.4400000000003,3023.737557692982,1.0,1025.4400000000003,0.010000000000000002,1.0,solar,True,PT1 0,,,0,0,0,1,0
SE2 0 offwind-ac,16537.535468569276,5380.237166661855,0.0,16787.63360589755,1.0,0.0,0.015,1.0,offwind-ac,True,SE2 0,,,0,0,0,1,0
SE2 0 offwind-dc,3630.077178929021,1549.7672084144651,0.0,17903.792004740688,1.0,0.0,0.015,1.0,offwind-dc,True,SE2 0,,,0,0,0,1,0
SE2 0 onwind,393357.78849419276,72632.26966781415,5676.91,8160.719256490288,1.0,5676.91,0.015000000000000005,1.0,onwind,True,SE2 0,,,0,0,0,1,0
SE2 0 ror,inf,1467.0,1467.0,25406.430062482512,0.8999999999999999,0.0,0.0,1.0,ror,False,SE2 0,,,0,0,0,1,0
SE2 0 solar,4755.0824902911845,359.62210583943676,102.41018202328692,3023.7375576929803,1.0,102.41018202328692,0.009999999999999998,1.0,solar,True,SE2 0,,,0,0,0,1,0
SE2 1 CCGT,inf,0.0,709.0,8410.574268733495,0.58,709.0,38.85517241379311,1.0,CCGT,False,SE2 1,,,0,0,0,1,0
SE2 1 OCGT,inf,0.0,382.0,3830.0237999145133,0.41,382.0,53.524390243902445,1.0,OCGT,True,SE2 1,,,0,0,0,1,0
SE2 1 nuclear,inf,0.0,4661.0,60027.26334202117,0.33,4661.0,11.378787878787879,0.82,nuclear,False,SE2 1,,,0,0,0,1,0
SE2 1 offwind-ac,39946.79231978681,13725.300957975225,255.77499999999998,16511.381644637746,1.0,255.77499999999998,0.015000000000000001,1.0,offwind-ac,True,SE2 1,,,0,0,0,1,0
SE2 1 offwind-dc,13259.995993259594,5825.50621493965,25.375,18900.936225853715,1.0,25.375,0.015,1.0,offwind-dc,True,SE2 1,,,0,0,0,1,0
SE2 1 onwind,543499.4589176147,121756.97103054919,7627.109999999999,8160.719256490288,1.0,7627.109999999999,0.015,1.0,onwind,True,SE2 1,,,0,0,0,1,0
SE2 1 ror,inf,309.0,309.0,25406.430062482512,0.9,0.0,0.0,1.0,ror,False,SE2 1,,,0,0,0,1,0
SE2 1 solar,61045.65155765588,6843.701260189567,1314.739817976713,3023.7375576929808,1.0,1314.739817976713,0.010000000000000002,1.0,solar,True,SE2 1,,,0,0,0,1,0
SI1 0 CCGT,inf,0.0,838.0,8410.574268733495,0.5920000000000001,838.0,38.152702702702705,1.0,CCGT,False,SI1 0,,,0,0,0,1,0
SI1 0 OCGT,inf,0.0,350.0,3830.0237999145133,0.41,350.0,53.524390243902445,1.0,OCGT,True,SI1 0,,,0,0,0,1,0
SI1 0 lignite,inf,0.0,1005.4221835230782,29724.036061713898,0.33,1005.4221835230782,12.287878787878787,1.0,lignite,False,SI1 0,,,0,0,0,1,0
SI1 0 nuclear,inf,0.0,696.0,60027.26334202117,0.33,696.0,11.378787878787879,0.94,nuclear,False,SI1 0,,,0,0,0,1,0
SI1 0 offwind-ac,147.35455141388252,16.692176284330273,0.0,15896.375367085777,1.0,0.0,0.015,1.0,offwind-ac,True,SI1 0,,,0,0,0,1,0
SI1 0 onwind,36057.11848440962,1556.50126630773,174.40671416162468,8160.719256490286,1.0,174.40671416162468,0.015,1.0,onwind,True,SI1 0,,,0,0,0,1,0
SI1 0 ror,inf,1162.275,1162.275,25406.43006248251,0.8999999999999999,0.0,0.0,1.0,ror,False,SI1 0,,,0,0,0,1,0
SI1 0 solar,11264.280614333868,1404.3022826422307,388.57389575789097,3023.7375576929803,1.0,388.57389575789097,0.01,1.0,solar,True,SI1 0,,,0,0,0,1,0
SK1 0 CCGT,inf,0.0,648.0,8410.574268733495,0.3894767441860465,648.0,72.0419053185272,1.0,CCGT,False,SK1 0,,,0,0,0,1,0
SK1 0 coal,inf,0.0,263.6739695770679,29724.036061713898,0.33,263.6739695770679,28.196969696969695,1.0,coal,False,SK1 0,,,0,0,0,1,0
SK1 0 lignite,inf,0.0,285.86336179063943,29724.036061713898,0.33,285.86336179063943,12.287878787878787,1.0,lignite,False,SK1 0,,,0,0,0,1,0
SK1 0 nuclear,inf,0.0,1940.0,60027.26334202117,0.33,1940.0,11.378787878787879,0.89,nuclear,False,SK1 0,,,0,0,0,1,0
SK1 0 onwind,52126.19107941953,5664.518248110144,3.59572642335885,8160.719256490285,1.0,3.59572642335885,0.015000000000000003,1.0,onwind,True,SK1 0,,,0,0,0,1,0
SK1 0 ror,inf,1363.4599999999998,1363.4599999999998,25406.430062482512,0.8999999999999999,0.0,0.0,1.0,ror,False,SK1 0,,,0,0,0,1,0
SK1 0 solar,33412.324353693635,4086.454426002614,592.8999999999999,3023.7375576929808,1.0,592.8999999999999,0.010000000000000002,1.0,solar,True,SK1 0,,,0,0,0,1,0
